cbsa,metro,state,population,median_household_income,median_gross_rent
35620,"New York-Newark-Jersey City, NY-NJ",New York,19498249,100855,1848
31080,"Los Angeles-Long Beach-Anaheim, CA",California,12799100,94116,2005
16980,"Chicago-Naperville-Elgin, IL-IN",Illinois,9262825,90171,1391
19100,"Dallas-Fort Worth-Arlington, TX",Texas,8100037,89523,1527
26420,"Houston-Pasadena-The Woodlands, TX",Texas,7510253,82190,1409
12060,"Atlanta-Sandy Springs-Roswell, GA",Georgia,6307261,87876,1560
47900,"Washington-Arlington-Alexandria, DC-VA-MD-WV",Virginia,6304975,127345,1980
37980,"Philadelphia-Camden-Wilmington, PA-NJ-DE-MD",Pennsylvania,6246160,92130,1457
33100,"Miami-Fort Lauderdale-West Palm Beach, FL",Florida,6183199,73629,1776
38060,"Phoenix-Mesa-Chandler, AZ",Arizona,5070110,84761,1571
14460,"Boston-Cambridge-Newton, MA-NH",Massachusetts,4919179,113149,1931
40140,"Riverside-San Bernardino-Ontario, CA",California,4688053,86165,1763
41860,"San Francisco-Oakland-Fremont, CA",California,4566961,134459,2443
19820,"Detroit-Warren-Dearborn, MI",Michigan,4342304,75987,1173
42660,"Seattle-Tacoma-Bellevue, WA",Washington,4044837,113331,1928
33460,"Minneapolis-St. Paul-Bloomington, MN-WI",Minnesota,3712020,98964,1397
45300,"Tampa-St. Petersburg-Clearwater, FL",Florida,3342963,71457,1484
41740,"San Diego-Chula Vista-Carlsbad, CA",California,3269973,102285,2154
19740,"Denver-Aurora-Centennial, CO",Colorado,3005131,103979,1818
12580,"Baltimore-Columbia-Towson, MD",Maryland,2834316,101363,1644
36740,"Orlando-Kissimmee-Sanford, FL",Florida,2817933,75693,1642
16740,"Charlotte-Concord-Gastonia, NC-SC",North Carolina,2805115,81072,1323
41180,"St. Louis, MO-IL",Missouri,2796999,79882,1085
41700,"San Antonio-New Braunfels, TX",Texas,2703999,75442,1301
38900,"Portland-Vancouver-Hillsboro, OR-WA",Oregon,2508050,94837,1645
12420,"Austin-Round Rock-San Marcos, TX",Texas,2473275,97798,1630
38300,"Pittsburgh, PA",Pennsylvania,2422725,74440,994
40900,"Sacramento-Roseville-Folsom, CA",California,2420608,94661,1752
29820,"Las Vegas-Henderson-North Las Vegas, NV",Nevada,2336573,73845,1518
17140,"Cincinnati, OH-KY-IN",Ohio,2271479,80471,1062
28140,"Kansas City, MO-KS",Missouri,2221343,83806,1205
18140,"Columbus, OH",Ohio,2180271,82350,1192
17410,"Cleveland, OH",Ohio,2158932,69498,999
26900,"Indianapolis-Carmel-Greenwood, IN",Indiana,2138468,81395,1186
34980,"Nashville-Davidson--Murfreesboro--Franklin, TN",Tennessee,2102573,85598,1424
41940,"San Jose-Sunnyvale-Santa Clara, CA",California,1945767,157874,2783
47260,"Virginia Beach-Chesapeake-Norfolk, VA-NC",Virginia,1787169,82913,1443
27260,"Jacksonville, FL",Florida,1713240,79141,1459
39300,"Providence-Warwick, RI-MA",Rhode Island,1677803,85610,1251
33340,"Milwaukee-Waukesha, WI",Wisconsin,1560424,78279,1138
39580,"Raleigh-Cary, NC",North Carolina,1509231,96698,1401
36420,"Oklahoma City, OK",Oklahoma,1477926,71112,1075
31140,"Louisville/Jefferson County, KY-IN",Kentucky,1365557,73201,1051
40060,"Richmond, VA",Virginia,1349732,87562,1427
32820,"Memphis, TN-MS-AR",Tennessee,1335674,65707,1151
41620,"Salt Lake City-Murray, UT",Utah,1267864,95123,1470
13820,"Birmingham, AL",Alabama,1184290,70367,1112
23420,"Fresno, CA",California,1180020,71995,1301
24340,"Grand Rapids-Wyoming-Kentwood, MI",Michigan,1162950,80709,1119
15380,"Buffalo-Cheektowaga, NY",New York,1155604,70565,1007
25540,"Hartford-West Hartford-East Hartford, CT",Connecticut,1151543,93006,1358
46060,"Tucson, AZ",Arizona,1063162,67929,1154
40380,"Rochester, NY",New York,1052087,74438,1087
46140,"Tulsa, OK",Oklahoma,1044757,67932,1021
46520,"Urban Honolulu, HI",Hawaii,989408,104264,2054
36540,"Omaha, NE-IA",Nebraska,983969,83732,1145
24860,"Greenville-Anderson-Greer, SC",South Carolina,975480,68990,1083
35380,"New Orleans-Metairie, LA",Louisiana,962165,62521,1178
14860,"Bridgeport-Stamford-Danbury, CT",Connecticut,951558,111669,1861
28940,"Knoxville, TN",Tennessee,946264,69633,1056
10740,"Albuquerque, NM",New Mexico,922296,68434,1127
12540,"Bakersfield-Delano, CA",California,913820,67660,1220
35840,"North Port-Bradenton-Sarasota, FL",Florida,910108,78287,1635
10580,"Albany-Schenectady-Troy, NY",New York,904682,86636,1237
32580,"McAllen-Edinburg-Mission, TX",Texas,898471,52281,925
12940,"Baton Rouge, LA",Louisiana,873661,70664,1099
10900,"Allentown-Bethlehem-Easton, PA-NJ",Pennsylvania,873555,82946,1308
21340,"El Paso, TX",Texas,873331,58782,1043
49340,"Worcester, MA",Massachusetts,866866,93561,1347
17900,"Columbia, SC",South Carolina,858302,66088,1116
16700,"Charleston-North Charleston, SC",South Carolina,849417,82237,1485
15980,"Cape Coral-Fort Myers, FL",Florida,834573,73099,1597
37100,"Oxnard-Thousand Oaks-Ventura, CA",California,829590,107327,2248
14260,"Boise City, ID",Idaho,824657,82587,1369
29460,"Lakeland-Winter Haven, FL",Florida,818330,63644,1272
19430,"Dayton-Kettering-Beavercreek, OH",Ohio,814363,70071,990
44700,"Stockton-Lodi, CA",California,800965,88531,1633
24660,"Greensboro-High Point, NC",North Carolina,789842,63525,1024
17820,"Colorado Springs, CO",Colorado,768832,87252,1613
30780,"Little Rock-North Little Rock-Conway, AR",Arkansas,764045,65308,999
19780,"Des Moines-West Des Moines, IA",Iowa,737164,85163,1098
39340,"Provo-Orem-Lehi, UT",Utah,732197,96751,1432
19660,"Deltona-Daytona Beach-Ormond Beach, FL",Florida,721796,67736,1426
28880,"Kiryas Joel-Poughkeepsie-Newburgh, NY",New York,704620,96824,1568
10420,"Akron, OH",Ohio,698398,71437,1007
49180,"Winston-Salem, NC",North Carolina,695630,64608,955
31540,"Madison, WI",Wisconsin,694345,87082,1270
36260,"Ogden, UT",Utah,658133,99748,1413
45060,"Syracuse, NY",New York,652956,73440,1027
48620,"Wichita, KS",Kansas,652939,69046,968
37340,"Palm Bay-Melbourne-Titusville, FL",Florida,643979,75817,1456
12260,"Augusta-Richmond County, GA-SC",Georgia,629429,69122,1098
27140,"Jackson, MS",Mississippi,610257,61615,1038
20500,"Durham-Chapel Hill, NC",North Carolina,608879,82000,1321
25420,"Harrisburg-Carlisle, PA",Pennsylvania,606055,79640,1143
44060,"Spokane-Spokane Valley, WA",Washington,600292,73016,1173
45780,"Toledo, OH",Ohio,600141,63869,914
22220,"Fayetteville-Springdale-Rogers, AR",Arkansas,590337,78404,1096
16860,"Chattanooga, TN-GA",Tennessee,580971,68845,1068
42540,"Scranton--Wilkes-Barre, PA",Pennsylvania,569413,63582,961
35300,"New Haven, CT",Connecticut,568158,86266,1463
38860,"Portland-South Portland, ME",Maine,566329,88371,1365
39900,"Reno, NV",Nevada,564782,84332,1476
29540,"Lancaster, PA",Pennsylvania,558589,83703,1289
33700,"Modesto, CA",California,551430,79661,1528
38940,"Port St. Lucie, FL",Florida,536901,72578,1492
37860,"Pensacola-Ferry Pass-Brent, FL",Florida,530090,74627,1315
26620,"Huntsville, AL",Alabama,527254,83529,1071
30460,"Lexington-Fayette, KY",Kentucky,520045,70478,1064
28660,"Killeen-Temple, TX",Texas,501333,67038,1150
44180,"Springfield, MO",Missouri,491053,62881,915
42220,"Santa Rosa-Petaluma, CA",California,481812,102840,2093
47300,"Visalia, CA",California,479468,69489,1206
29620,"Lansing-East Lansing, MI",Michigan,473177,71133,1051
48900,"Wilmington, NC",North Carolina,467337,73861,1277
49620,"York-Hanover, PA",Pennsylvania,464640,82238,1150
44140,"Springfield, MA",Massachusetts,460291,70535,1105
23060,"Fort Wayne, IN",Indiana,457842,69423,959
47930,"Waterbury-Shelton, CT",Connecticut,456128,86365,1288
46700,"Vallejo, CA",California,449218,99994,2088
18580,"Corpus Christi, TX",Texas,448323,66014,1217
42200,"Santa Maria-Santa Barbara, CA",California,441257,95977,2050
41420,"Salem, OR",Oregon,436546,76001,1320
39740,"Reading, PA",Pennsylvania,432821,77684,1143
41500,"Salinas, CA",California,430723,94486,1995
31700,"Manchester-Nashua, NH",New Hampshire,427354,100436,1532
15180,"Brownsville-Harlingen, TX",Texas,426710,51334,899
49660,"Youngstown-Warren, OH",Ohio,425969,55346,779
42340,"Savannah, GA",Georgia,424935,75137,1361
25060,"Gulfport-Biloxi, MS",Mississippi,421916,61084,1060
11700,"Asheville, NC",North Carolina,417202,69101,1208
29180,"Lafayette, LA",Louisiana,414288,61456,932
33660,"Mobile, AL",Alabama,411640,58119,1021
36100,"Ocala, FL",Florida,409959,58535,1174
34940,"Naples-Marco Island, FL",Florida,404310,86173,1752
22420,"Flint, MI",Michigan,401522,60673,936
11260,"Anchorage, AK",Alaska,401314,95991,1397
15940,"Canton-Massillon, OH",Ohio,399474,65669,871
34820,"Myrtle Beach-Conway-North Myrtle Beach, SC",South Carolina,397478,64623,1181
13140,"Beaumont-Port Arthur, TX",Texas,395479,64703,1056
45220,"Tallahassee, FL",Florida,392645,63477,1157
22180,"Fayetteville, NC",North Carolina,392336,58962,1141
33860,"Montgomery, AL",Alabama,385480,63485,1062
43900,"Spartanburg, SC",South Carolina,383327,62598,1002
43340,"Shreveport-Bossier City, LA",Louisiana,383295,55294,1015
45940,"Trenton-Princeton, NJ",New Jersey,381671,96333,1515
21660,"Eugene-Springfield, OR",Oregon,381181,69311,1287
19340,"Davenport-Moline-Rock Island, IA-IL",Illinois,379441,71778,899
22660,"Fort Collins-Loveland, CO",Colorado,370771,91364,1677
25860,"Hickory-Lenoir-Morganton, NC",North Carolina,370030,60509,822
12100,"Atlantic City-Hammonton, NJ",New Jersey,369823,79691,1330
26580,"Huntington-Ashland, WV-KY-OH",West Virginia,368261,58463,858
11460,"Ann Arbor, MI",Michigan,365536,87156,1400
37900,"Peoria, IL",Illinois,362240,71452,916
31180,"Lubbock, TX",Texas,360104,62300,1098
24540,"Greeley, CO",Colorado,359442,93287,1469
23540,"Gainesville, FL",Florida,352126,58964,1176
30700,"Lincoln, NE",Nebraska,344387,73061,1041
17300,"Clarksville, TN-KY",Tennessee,340495,67341,1139
40420,"Rockford, IL",Illinois,334124,67114,990
24580,"Green Bay, WI",Wisconsin,331882,77460,943
14500,"Boulder, CO",Colorado,326831,102772,1893
43780,"South Bend-Mishawaka, IN-MI",Indiana,324490,65382,1005
17980,"Columbus, GA-AL",Georgia,323768,58528,1013
40220,"Roanoke, VA",Virginia,314314,69177,993
28420,"Kennewick-Richland, WA",Washington,314253,85879,1229
28700,"Kingsport-Bristol, TN-VA",Tennessee,313025,56100,810
25180,"Hagerstown-Martinsburg, MD-WV",Maryland,305902,74933,1144
47380,"Waco, TX",Texas,304865,63745,1074
18880,"Crestview-Fort Walton Beach-Destin, FL",Florida,304818,79149,1531
43620,"Sioux Falls, SD-MN",South Dakota,304555,80897,1005
36500,"Olympia-Lacey-Tumwater, WA",Washington,299003,93985,1634
30980,"Longview, TX",Texas,293498,65297,1027
32900,"Merced, CA",California,291920,65044,1284
46540,"Utica-Rome, NY",New York,287039,68827,895
42020,"San Luis Obispo-Paso Robles, CA",California,281639,93398,1899
20260,"Duluth, MN-WI",Minnesota,281603,71331,959
17780,"College Station-Bryan, TX",Texas,281445,59874,1119
35980,"Norwich-New London-Willimantic, CT",Connecticut,279634,84185,1316
46220,"Tuscaloosa, AL",Alabama,278290,60744,941
14740,"Bremerton-Silverdale-Port Orchard, WA",Washington,277658,98546,1741
16300,"Cedar Rapids, IA",Iowa,275668,76946,894
43640,"Slidell-Mandeville-Covington, LA",Louisiana,275583,79277,1305
11100,"Amarillo, TX",Texas,272395,68052,1060
21780,"Evansville, IN",Indiana,270717,70914,954
29700,"Laredo, TX",Texas,269148,62506,997
21500,"Erie, PA",Pennsylvania,267571,61476,876
31340,"Lynchburg, VA",Virginia,264590,66938,942
22020,"Fargo, ND-MN",North Dakota,262620,75689,948
28020,"Kalamazoo-Portage, MI",Michigan,262215,70525,1049
42100,"Santa Cruz-Watsonville, CA",California,261547,109266,2172
13460,"Bend, OR",Oregon,260919,85601,1558
49420,"Yakima, WA",Washington,256643,68015,1068
19300,"Daphne-Fairhope-Foley, AL",Alabama,253507,75019,1211
39150,"Prescott Valley-Prescott, AZ",Arizona,249081,66106,1258
11540,"Appleton, WI",Wisconsin,246433,83902,999
46340,"Tyler, TX",Texas,245209,71923,1197
13780,"Binghamton, NY",New York,243792,63159,914
31420,"Macon-Bibb County, GA",Georgia,236074,57743,966
16580,"Champaign-Urbana, IL",Illinois,235608,64694,1003
29340,"Lake Charles, LA",Louisiana,235314,66450,1063
25940,"Hilton Head Island-Bluffton-Port Royal, SC",South Carolina,232523,81744,1458
45820,"Topeka, KS",Kansas,232322,67742,937
13380,"Bellingham, WA",Washington,231919,80989,1465
12700,"Barnstable Town, MA",Massachusetts,231735,94452,1596
22900,"Fort Smith, AR-OK",Arkansas,231280,56337,837
40340,"Rochester, MN",Minnesota,229077,90462,1163
15540,"Burlington-South Burlington, VT",Vermont,227942,90782,1490
29200,"Lafayette-West Lafayette, IN",Indiana,226564,59834,1049
29740,"Las Cruces, NM",New Mexico,225210,55663,903
16820,"Charlottesville, VA",Virginia,225127,90850,1477
29420,"Lake Havasu City-Kingman, AZ",Arizona,223682,55799,1047
12020,"Athens-Clarke County, GA",Georgia,222060,67120,1145
33740,"Monroe, LA",Louisiana,221885,49343,886
32780,"Medford, OR",Oregon,220768,71443,1310
23580,"Gainesville, GA",Georgia,217267,77430,1247
17860,"Columbia, MO",Missouri,216511,69388,1025
37460,"Panama City-Panama City Beach, FL",Florida,216371,68121,1360
27340,"Jacksonville, NC",North Carolina,213676,64568,1198
49740,"Yuma, AZ",Arizona,213221,60417,983
27740,"Johnson City, TN",Tennessee,213198,56788,870
30500,"Lexington Park, MD",Maryland,210009,122464,1696
17020,"Chico, CA",California,207172,68574,1369
21140,"Elkhart-Goshen, IN",Indiana,206409,65617,1023
39460,"Punta Gorda, FL",Florida,206134,66154,1289
44100,"Springfield, IL",Illinois,205445,74534,944
27900,"Joplin, MO-KS",Missouri,204787,59686,857
16620,"Charleston, WV",West Virginia,203164,57993,862
41060,"St. Cloud, MN",Minnesota,202577,75427,1028
41100,"St. George, UT",Utah,202452,76411,1464
12220,"Auburn-Opelika, AL",Alabama,201585,59740,973
47580,"Warner Robins, GA",Georgia,200779,78967,1108
22500,"Florence, SC",South Carolina,199630,53764,898
26380,"Houma-Bayou Cane-Thibodaux, LA",Louisiana,198672,64159,973
39540,"Racine-Mount Pleasant, WI",Wisconsin,196613,75331,1017
13740,"Billings, MT",Montana,191435,74539,1066
20100,"Dover, DE",Delaware,189789,72872,1285
14540,"Bowling Green, KY",Kentucky,188840,62618,906
40980,"Saginaw, MI",Michigan,187782,58347,921
17660,"Coeur d'Alene, ID",Idaho,185010,77034,1330
49700,"Yuba City, CA",California,183670,74453,1292
28740,"Kingston, NY",New York,182333,81804,1335
33260,"Midland, TX",Texas,182324,93500,1377
27180,"Jackson, TN",Tennessee,181826,58713,946
10180,"Abilene, TX",Texas,181591,66239,1073
13980,"Blacksburg-Christiansburg-Radford, VA",Virginia,181428,65883,1040
39820,"Redding, CA",California,180366,71931,1267
26980,"Iowa City, IA",Iowa,180088,74297,1074
15500,"Burlington, NC",North Carolina,179165,64445,1007
20940,"El Centro, CA",California,179057,56393,1012
34740,"Muskegon-Norton Shores, MI",Michigan,176564,63495,960
24780,"Greenville, NC",North Carolina,175119,58851,971
20740,"Eau Claire, WI",Wisconsin,174873,72667,972
36780,"Oshkosh-Neenah, WI",Wisconsin,171735,72873,924
14010,"Bloomington, IL",Illinois,170441,78329,992
29100,"La Crosse-Onalaska, WI-MN",Wisconsin,170238,71191,971
42680,"Sebastian-Vero Beach-West Vero Corridor, FL",Florida,169795,71049,1284
39380,"Pueblo, CO",Colorado,169422,62250,1059
45460,"Terre Haute, IN",Indiana,168787,55827,856
26820,"Idaho Falls, ID",Idaho,168322,77380,1054
47940,"Waterloo-Cedar Falls, IA",Iowa,168162,68806,931
28450,"Kenosha, WI",Wisconsin,167488,79412,1175
26140,"Homosassa Springs, FL",Florida,166696,55355,1069
36220,"Odessa, TX",Texas,164494,71031,1284
27500,"Janesville-Beloit, WI",Wisconsin,164278,74390,1019
27980,"Kahului-Wailuku, HI",Hawaii,164264,95072,1863
11200,"Amherst Town-Northampton, MA",Massachusetts,162502,86391,1332
14020,"Bloomington, IN",Indiana,160874,62865,1119
24300,"Grand Junction, CO",Colorado,159681,71485,1154
27100,"Jackson, MI",Michigan,159424,65004,958
19460,"Decatur, AL",Alabama,158635,63840,808
30860,"Logan, UT-ID",Utah,157887,77085,1107
16540,"Chambersburg, PA",Pennsylvania,157854,74946,1071
44300,"State College, PA",Pennsylvania,157795,72748,1181
45900,"Traverse City, MI",Michigan,156371,78247,1135
39660,"Rapid City, SD",South Dakota,155974,72095,1086
42140,"Santa Fe, NM",New Mexico,155956,74689,1318
25620,"Hattiesburg, MS",Mississippi,155740,59572,980
12620,"Bangor, ME",Maine,155312,63248,997
22520,"Florence-Muscle Shoals, AL",Alabama,155175,58200,814
33780,"Monroe, MI",Michigan,155045,75272,1017
20020,"Dothan, AL",Alabama,153349,56677,863
25260,"Hanford-Corcoran, CA",California,152682,68750,1228
47220,"Vineland, NJ",New Jersey,152326,64499,1254
35660,"Niles, MI",Michigan,152261,63152,923
48680,"Wildwood-The Villages, FL",Florida,151565,73297,1225
46660,"Valdosta, GA",Georgia,151118,54348,962
27620,"Jefferson City, MO",Missouri,150733,72452,800
48660,"Wichita Falls, TX",Texas,149947,63845,949
10780,"Alexandria, LA",Louisiana,148171,56710,922
49020,"Winchester, VA-WV",Virginia,147260,84128,1275
43300,"Sherman-Denison, TX",Texas,146907,70455,1178
45500,"Texarkana, TX-AR",Texas,145907,56017,929
10500,"Albany, GA",Georgia,145508,57657,944
40580,"Rocky Mount, NC",North Carolina,145383,56598,888
19140,"Dalton, GA",Georgia,144722,65288,885
22380,"Flagstaff, AZ",Arizona,144472,69748,1406
43580,"Sioux City, IA-NE-SD",Iowa,144402,72034,975
30140,"Lebanon, PA",Pennsylvania,144252,76350,1087
34060,"Morgantown, WV",West Virginia,141817,62384,897
48140,"Wausau, WI",Wisconsin,138612,76185,950
25220,"Hammond, LA",Louisiana,138064,57256,974
25500,"Harrisonburg, VA",Virginia,137650,71522,1123
27860,"Jonesboro, AR",Arkansas,136390,55903,884
13900,"Bismarck, ND",North Dakota,135786,83473,1002
48540,"Wheeling, WV-OH",West Virginia,135517,58662,797
44220,"Springfield, OH",Ohio,134610,60846,840
12980,"Battle Creek, MI",Michigan,133366,60385,937
34900,"Napa, CA",California,133216,108970,2141
31740,"Manhattan, KS",Kansas,132831,64563,1069
10540,"Albany, OR",Oregon,131496,73396,1273
34580,"Mount Vernon-Anacortes, WA",Washington,131417,85474,1439
27780,"Johnstown, PA",Pennsylvania,130668,56292,733
41540,"Salisbury, MD",Maryland,129710,68943,1180
17420,"Cleveland, TN",Tennessee,129612,63293,919
21060,"Elizabethtown, KY",Kentucky,127576,67627,931
44420,"Staunton-Stuarts Draft, VA",Virginia,127344,72136,1029
30020,"Lawton, OK",Oklahoma,127001,59056,932
33540,"Missoula, MT",Montana,126939,70840,1110
38340,"Pittsfield, MA",Massachusetts,126818,72565,1042
14580,"Bozeman, MT",Montana,126409,87454,1574
24020,"Glens Falls, NY",New York,125427,75416,1046
11180,"Ames, IA",Iowa,125156,71287,978
31900,"Mansfield, OH",Ohio,125064,57649,791
48300,"Wenatchee-East Wenatchee, WA",Washington,124795,79048,1201
43420,"Sierra Vista-Douglas, AZ",Arizona,124640,58970,939
34100,"Morristown, TN",Tennessee,124054,57592,858
22140,"Farmington, NM",New Mexico,120675,53020,917
46300,"Twin Falls, ID",Idaho,120635,66183,980
41660,"San Angelo, TX",Texas,120606,66150,1124
29940,"Lawrence, KS",Kansas,120553,68756,1066
11020,"Altoona, PA",Pennsylvania,120273,60594,854
24140,"Goldsboro, NC",North Carolina,118686,58082,932
41140,"St. Joseph, MO-KS",Missouri,118475,63310,884
43100,"Sheboygan, WI",Wisconsin,117752,71898,889
11500,"Anniston-Oxford, AL",Alabama,116429,55826,804
15260,"Brunswick-St. Simons, GA",Georgia,116074,63454,978
48060,"Watertown-Fort Drum, NY",New York,114787,64978,1214
41780,"Sandusky, OH",Ohio,113838,70982,891
30340,"Lewiston-Auburn, ME",Maine,113765,67298,966
48260,"Weirton-Steubenville, WV-OH",Ohio,113544,57067,750
31020,"Longview-Kelso, WA",Washington,112864,72932,1169
48700,"Williamsport, PA",Pennsylvania,112724,64412,887
36980,"Owensboro, KY",Kentucky,112512,65744,882
34620,"Muncie, IN",Indiana,112321,56932,874
33140,"Michigan City-La Porte, IN",Indiana,111706,70452,926
13220,"Beckley, WV",West Virginia,111428,52271,822
42700,"Sebring, FL",Florida,107614,55581,980
38240,"Pinehurst-Southern Pines, NC",North Carolina,106898,82837,1181
23900,"Gettysburg, PA",Pennsylvania,106748,81071,1084
28100,"Kankakee, IL",Illinois,105940,68325,1075
31860,"Mankato, MN",Minnesota,104248,75165,1028
44940,"Sumter, SC",South Carolina,104165,55990,1006
22540,"Fond du Lac, WI",Wisconsin,103948,73154,926
27060,"Ithaca, NY",New York,103558,73012,1374
23460,"Gadsden, AL",Alabama,103241,53070,807
24220,"Grand Forks, ND-MN",North Dakota,103120,68652,933
13020,"Bay City, MI",Michigan,102500,60523,809
37140,"Paducah, KY-IL",Kentucky,102267,62337,851
16940,"Cheyenne, WY",Wyoming,100984,77884,1080
30620,"Lima, OH",Ohio,100838,62001,898
19500,"Decatur, IL",Illinois,100591,62449,797
40660,"Rome, GA",Georgia,100113,62540,971
26300,"Hot Springs, AR",Arkansas,99784,55409,942
20220,"Dubuque, IA",Iowa,98887,75919,944
47020,"Victoria, TX",Texas,98808,69339,1120
16020,"Cape Girardeau, MO-IL",Missouri,98223,66450,843
18700,"Corvallis, OR",Oregon,97713,76011,1359
25740,"Helena, MT",Montana,96091,73907,1031
21820,"Fairbanks-College, AK",Alaska,94840,84722,1424
38540,"Pocatello, ID",Idaho,90400,64080,879
25980,"Hinesville, GA",Georgia,88804,60278,1143
37620,"Parkersburg-Vienna, WV",West Virginia,88052,56108,777
24420,"Grants Pass, OR",Oregon,87821,59097,1157
24500,"Great Falls, MT",Montana,84900,66203,902
33220,"Midland, MI",Michigan,84039,77538,974
18020,"Columbus, IN",Indiana,84003,80365,1110
29020,"Kokomo, IN",Indiana,83831,62496,915
21300,"Elmira, NY",New York,81325,63469,1020
16220,"Casper, WY",Wyoming,79941,71247,973
24260,"Grand Island, NE",Nebraska,76479,67666,888
33500,"Minot, ND",North Dakota,75742,79275,978
30300,"Lewiston, ID-WA",Idaho,65536,70654,956
21420,"Enid, OK",Oklahoma,62023,67302,915
47460,"Walla Walla, WA",Washington,61568,72212,1113
16180,"Carson City, NV",Nevada,58036,71809,1172
20580,"Eagle Pass, TX",Texas,57762,51270,789
